{
    "genetic_ai_weights_w1": 0.6617501549366729,
    "genetic_ai_weights_w2": 0.4029973914915347,
    "genetic_ai_weights_w3": 0.4898482080117501,
    "best_score_genetic": 1965.0601503759399
}